                  epoch,         train/box_loss,         train/cls_loss,         train/dfl_loss,   metrics/precision(B),      metrics/recall(B),       metrics/mAP50(B),    metrics/mAP50-95(B),           val/box_loss,           val/cls_loss,           val/dfl_loss,                 lr/pg0,                 lr/pg1,                 lr/pg2
                      0,                0.31934,                 272.07,                0.19113,                      0,                      0,                      0,                      0,                0.01188,                  613.5,                0.00673,                 0.0011,                 0.0011,                 0.0011
                      1,                0.29313,                 248.13,                0.17782,                      0,                      0,                      0,                      0,                0.01064,                  583.5,                0.00603,              0.0022998,              0.0022998,              0.0022998
                      2,                0.10716,                 137.44,                0.06347,                      0,                      0,                      0,                      0,                0.00806,                  224.5,                0.00457,              0.0034993,              0.0034993,              0.0034993
                      3,                0.10665,                 34.978,                0.06571,                      0,                      0,                      0,                      0,                0.00445,                     91,                0.00253,              0.0046986,              0.0046986,              0.0046986
                      4,                0.03349,                 2.6857,                0.02015,                      0,                      0,                      0,                      0,                0.00132,                      0,                0.00075,              0.0058977,              0.0058977,              0.0058977
