                  epoch,         train/box_loss,         train/cls_loss,         train/dfl_loss,   metrics/precision(B),      metrics/recall(B),       metrics/mAP50(B),    metrics/mAP50-95(B),           val/box_loss,           val/cls_loss,           val/dfl_loss,                 lr/pg0,                 lr/pg1,                 lr/pg2
                      0,                 6.5522,                  118.2,                 4.0746,                      0,                      0,                      0,                      0,                 2.2369,                 23.918,                 1.3807,              0.0032937,              0.0032937,              0.0032937
                      1,                 4.2958,                 3.3608,                 1.7606,                0.00105,                0.06171,                0.00059,                0.00016,                 3.7612,                 6.4603,                 1.5075,              0.0066204,              0.0066204,              0.0066204
                      2,                 3.3237,                 2.6233,                 1.2494,                0.06252,                0.27049,                0.03902,                 0.0109,                 2.8192,                 3.4388,                 1.1929,              0.0099406,              0.0099406,              0.0099406
                      3,                 2.9275,                 2.2115,                 1.1456,                0.08758,                0.16454,                0.03463,                0.00976,                 3.2202,                  8.221,                 1.3533,              0.0099703,              0.0099703,              0.0099703
                      4,                 2.6541,                 1.9582,                  1.081,                0.14722,                0.33702,                0.09522,                0.02928,                 2.5528,                 6.7535,                 1.0852,              0.0099703,              0.0099703,              0.0099703
                      5,                 2.4996,                 1.7607,                 1.0494,                0.51619,                0.43563,                0.39609,                0.12404,                 2.3885,                 1.6374,                 1.0542,              0.0099604,              0.0099604,              0.0099604
